Status;Genre;Name (mame description);Rom name;Year;Manufacturer;Hardware;Comments;Notes
3;BeatEmUp;64th. Street - A Detective Story (World);64street;1991;Jaleco;;;
3;BeatEmUp;Alien vs. Predator (Euro 940520);avsp;1994;Capcom;;;
;BeatEmUp;Arabian Magic (Ver 1.0O 1992/07/06);arabianm;1992;Taito Corporation Japan;;bad sound;
3;BeatEmUp;Armored Warriors (Euro 941024);armwar;1994;Capcom;;;
3;BeatEmUp;Asterix (ver EAD);asterix;1992;Konami;;;
3;BeatEmUp;Bad Dudes vs. Dragonninja (US);baddudes;1988;Data East USA;;;
3;BeatEmUp;Batman;batman;1991;Atari Games;;;
0;BeatEmUp;Batman Forever;batmanfr;1996;Acclaim;;mame warning;*
3;BeatEmUp;Battle Circuit (Euro 970319);batcir;1997;Capcom;;;
3;BeatEmUp;Battle Toads;btoads;1994;Rare;;;
3;BeatEmUp;Battlecry;battlcry;1991;Home Data;;;
3;BeatEmUp;Big Karnak;bigkarnk;1991;Gaelco;;;
3;BeatEmUp;Blade Master (World);bmaster;1991;Irem;;;
3;BeatEmUp;Bonze Adventure (World, Newer);bonzeadv;1988;Taito Corporation Japan;;;
3;BeatEmUp;Bucky O'Hare (ver EAB);bucky;1992;Konami;;;
3;BeatEmUp;Burning Fight (set 1);burningf;1991;SNK;;;
3;BeatEmUp;Cadash (World);cadash;1989;Taito Corporation Japan;;;
3;BeatEmUp;Cadillacs and Dinosaurs (World 930201);dino;1993;Capcom;;;
3;BeatEmUp;Captain America and The Avengers (Asia Rev 1.4);captaven;1991;Data East Corporation;;;
3;BeatEmUp;Captain Commando (World 911202);captcomm;1991;Capcom;;;
3;BeatEmUp;Crime Fighters (US 4 players);crimfght;1989;Konami;;;
3;BeatEmUp;Crude Buster (World FX version);cbuster;1990;Data East Corporation;;;
3;BeatEmUp;Dark Seal (World revision 3);darkseal;1990;Data East Corporation;;;
3;BeatEmUp;Double Dragon (Japan);ddragon;1987;Technos Japan;;;
3;BeatEmUp;Double Dragon 3 - The Rosetta Stone (US);ddragon3;1990;Technos Japan;;;
3;BeatEmUp;Double Dragon II - The Revenge (World);ddragon2;1988;Technos Japan;;;
3;BeatEmUp;Dungeons & Dragons: Shadow over Mystara (Euro 960619);ddsom;1996;Capcom;;;
3;BeatEmUp;Dungeons & Dragons: Tower of Doom (Euro 940412);ddtod;1993;Capcom;;;
3;BeatEmUp;Dynamite Dux;ddux;1989;bootleg (Datsu);;;
3;BeatEmUp;Dynasty Wars (World);dw;1989;Capcom;;;
3;BeatEmUp;Escape from the Planet of the Robot Monsters (set 1);eprom;1989;Atari Games;;;
3;BeatEmUp;Final Fight (World, set 1);ffight;1989;Capcom;;;
3;BeatEmUp;Gaia Crusaders;gaia;1999;Noise Factory;;;
3;BeatEmUp;Gauntlet (rev 14);gauntlet;1985;Atari Games;;;
3;BeatEmUp;Gauntlet II;gaunt2;1986;Atari Games;;;
3;BeatEmUp;Golden Axe (set 6, US, 8751 317-123A);goldnaxe;1989;Sega;;;
3;BeatEmUp;Growl (World, Rev 1);growl;1990;Taito Corporation Japan;;;
3;BeatEmUp;Guardians / Denjin Makai II;grdians;1995;Winkysoft (Banpresto license);;long launch;
3;BeatEmUp;Hammerin' Harry (World);hharry;1990;Irem;;;
3;BeatEmUp;Hook (World);hook;1992;Irem;;;
3;BeatEmUp;Karate Blazers (World?);karatblz;1991;Video System Co.;;;
3;BeatEmUp;Knights of the Round (World 911127);knights;1991;Capcom;;;
3;BeatEmUp;Kung-Fu Master (World);kungfum;1984;Irem;;;
3;RunNGun;Legend of Hero Tonma;loht;1989;Irem;;;
0;BeatEmUp;Legionnaire;legionna;;;;protected;
3;BeatEmUp;Magic Sword: Heroic Fantasy (World 900725);msword;1990;Capcom;;;
3;BeatEmUp;Metamorphic Force (ver EAA);metamrph;1993;Konami;;;
3;BeatEmUp;Midnight Resistance (World);midres;1989;Data East Corporation;;;
3;BeatEmUp;Mutation Nation (NGM-014)(NGH-014);mutnat;1992;SNK;;;
3;BeatEmUp;Nastar (World);nastar;1988;Taito Corporation Japan;;;
0;BeatEmUp;Night Slashers;nslasher;1994;Data East Corporation;;protected;
2;BeatEmUp;Ninja Baseball Batman (US);nbbatman;1993;Irem America;;lags in some places;
3;BeatEmUp;Ninja Clowns (08/27/91);ninclown;1991;Strata/Incredible Technologies;;;
3;BeatEmUp;Ninja Combat (NGM-009);ncombat;1990;Alpha Denshi Co.;;;
3;BeatEmUp;Ninja Gaiden (US);gaiden;1988;Tecmo;;;
3;BeatEmUp;Ninja Spirit;nspirit;1988;Irem;;;
3;BeatEmUp;P.O.W. - Prisoners of War (US version 1);pow;1988;SNK;;;
3;BeatEmUp;PuLiRuLa (World);pulirula;1991;Taito Corporation Japan;;;
3;BeatEmUp;Rastan (World Rev 1);rastan;1987;Taito Corporation Japan;;;
3;BeatEmUp;Renegade (US);renegade;1986;Technos Japan (Taito America license);;;
0;BeatEmUp;Riding Fight (Ver 1.0O);ridingf;1992;Taito Corporation Japan;;Slooooow and no sound;
3;BeatEmUp;Riot City (Japan);riotcity;1991;Sega / Westone;;;
3;BeatEmUp;Robo Army (set 1);roboarmy;1991;SNK;;;
3;BeatEmUp;Shadow Force (US Version 2);shadfrce;1993;Technos Japan;;;
3;BeatEmUp;Shadow Warriors (World, set 1);shadoww;1988;Tecmo;;;
3;BeatEmUp;Shocking;shocking;1997;Yun Sung;;;
3;BeatEmUp;Silent Dragon (World);silentd;1992;Taito Corporation Japan;;;
3;BeatEmUp;Skull & Crossbones (rev 5);skullxbo;1989;Atari Games;;;
3;BeatEmUp;Spin Master / Miracle Adventure;spinmast;1993;Data East Corporation;;;
3;BeatEmUp;Splatter House (World new version);splatter;1988;Namco;;;
3;BeatEmUp;Strider (USA, B-Board 89624B-2);strider;1989;Capcom;;;
3;BeatEmUp;Teenage Mutant Ninja Turtles - Turtles in Time (4 Players ver UAA);tmnt2;1991;Konami;;;
3;BeatEmUp;Teenage Mutant Ninja Turtles (World 4 Players);tmnt;1989;Konami;;;
3;BeatEmUp;The Astyanax;astyanax;1989;Jaleco;;;
3;BeatEmUp;The Cliffhanger - Edward Randy (World ver 3);edrandy;1990;Data East Corporation;;;
3;BeatEmUp;The Combatribes (US);ctribe;1990;Technos Japan;;;
3;BeatEmUp;The King of Dragons (World 910805);kod;1991;Capcom;;;
3;BeatEmUp;The Legend of Kage;lkage;1984;Taito Corporation;;;
3;BeatEmUp;The Legend of Silkroad;silkroad;1999;Unico;;;
3;BeatEmUp;The Ninja Warriors (World);ninjaw;1987;Taito Corporation Japan;;;
3;BeatEmUp;The Punisher (World 930422);punisher;1993;Capcom;;;
3;BeatEmUp;The Simpsons (4 Players World, set 1);simpsons;1991;Konami;;;
3;BeatEmUp;The Super Spy (NGM-011)(NGH-011);superspy;1990;SNK;;;
3;BeatEmUp;Three Wonders (World 910520);3wonders;1991;Capcom;;;
3;RunNGun;Thunder Fox (World);thundfox;1990;Taito Corporation Japan;;;
3;BeatEmUp;Tiger Road (US);tigeroad;1987;Capcom;;;
3;BeatEmUp;Top Hunter - Roddy & Cathy (NGM-046);tophuntr;1994;SNK;;;
3;BeatEmUp;Trojan (US set 1);trojan;1986;Capcom;;;
3;BeatEmUp;Undercover Cops (World);uccops;1992;Irem;;;
3;BeatEmUp;Vendetta (World, 4 Players, ver. T);vendetta;1991;Konami;;;
3;BeatEmUp;Violent Storm (ver EAC);viostorm;1993;Konami;;;
3;BeatEmUp;Warrior Blade - Rastan Saga Episode III (Japan);warriorb;1991;Taito Corporation;;;
3;BeatEmUp;Warriors of Fate (World 921031);wof;1992;Capcom;;;
3;BeatEmUp;Wild Fang / Tecmo Knight;wildfang;1989;Tecmo;;;
3;BeatEmUp;Willow (World);willow;1989;Capcom;;;
3;BeatEmUp;Wizard Fire (Over Sea v2.1);wizdfire;1992;Data East Corporation;;;
3;BeatEmUp;X-Men (4 Players ver UBB);xmen;1992;Konami;;;
1;Gun;Beast Busters (World);bbusters;1989;SNK;;Control problems;
0;Gun;Blasted;blasted;1988;Bally Midway;;goes to menu;
1;Gun;Chiller (version 3.0);chiller;1986;Exidy;;Control problems;
1;Gun;D-Con;dcon;1992;Success;;Control problems;
1;Gun;Dragon Gun (US);dragngun;1993;Data East Corporation;;Control problems;
3;Gun;Empire City: 1931 (bootleg?);empcity;1986;Seibu Kaihatsu;;;
1;Gun;Lethal Enforcers II: Gun Fighters (ver EAA);le2;1994;Konami;;Control problems;
1;Gun;Mechanized Attack (World);mechatt;1989;SNK;;sound problems;
3;Gun;Operation Wolf (World, set 1);opwolf;1987;Taito Corporation Japan;;;
0;Gun;Operation Wolf 3 (World);opwolf3;1994;Taito Corporation Japan;;blank screen;
1;Gun;Steel Gunner;sgunner;1990;Namco;;control problem;
1;Gun;Steel Gunner 2 (US);sgunner2;1991;Namco;;Control problems;
1;Gun;Terminator 2 - Judgment Day (rev LA4 08/03/92);term2;1991;Midway;;Control problems;
1;Gun;Under Fire (World);undrfire;1993;Taito Corporation Japan;;Control problems;
1;Gun;Zero Point (set 1);zeropnt;1998;Unico;;Control problems;
1;Gun;Zero Point 2;zeropnt2;1999;Unico;;Control problems;
1;Gun;Zombie Raid (9/28/95, US);zombraid;1995;American Sammy;;Control problems;
0;Misc;Arkanoid Returns (Ver 2.02O 1997/02/10);arkretrn;1997;Taito Corporation;;lags a lot, no control;
3;Misc;Bishi Bashi Championship Mini Game Senshuken (ver JAA, 3 Players);bishi;1996;Konami;;;
3;Misc;Blocken (Japan);blocken;1994;Visco / KID;;;
3;Sport;Bullfight (315-5065);bullfgt;1984;Coreland / Sega;;;
3;Misc;Cameltry (US);cameltry;1989;Taito Corporation;;;
3;Misc;Congo Bongo (Rev C, 2 board stack);congo;1983;Sega;;wrong ratio ?;
3;Misc;Crazy Climber 2 (Japan);cclimbr2;1988;Nichibutsu;;;
3;Misc;Crossed Swords (ALM-002)(ALH-002);crsword;1991;Alpha Denshi Co.;;;
2;Misc;Dig Dug (rev 2);digdug;1982;Namco;;wrong ratio;
2;Misc;Dig Dug II (New Ver.);digdug2;1985;Namco;;wrong ratio;
0;Misc;Discs of Tron (Upright);dotron;1983;Bally Midway;;freezes the rapsberry pi;
1;Platform;Elevator Action Returns (Ver 2.2O 1995/02/20);elvactr;1994;Taito Corporation Japan;;Laging (sound problem);
3;Platform;Exterminator;exterm;1989;Gottlieb / Premier Technology;;lags in menu;
3;Misc;Exvania (World);exvania;1992;Namco;;;
2;Misc;Fire Trap (US);firetrap;1986;Data East USA;;wrong ratio;
3;Misc;Hyper Pacman;hyperpac;1995;SemiCom;;;
3;Misc;Joust (White/Green label);joust;1982;Williams;;"needs ""Reset"" trick";
3;Misc;Joust 2 - Survival of the Fittest (set 1);joust2;1986;Williams;;"needs ""Reset"" trick";
3;Misc;Marble Madness (set 1);marble;1984;Atari Games;;;
3;Misc;Metro-Cross (set 1);metrocrs;1985;Namco;;;
3;Misc;Missile Command (rev 3);missile;1980;Atari;;;
1;Misc;Mr Driller (DRI1/VER.A2);mrdrillr;1999;Namco;;no sound + slow;
0;Misc;Mr Driller 2;mrdrilr2;2000;Namco;;no launch;
3;Misc;Neo Bomberman;neobombe;1997;Hudson;;;
2;Misc;Nitro Ball (World, set 1);nitrobal;1992;Data East Corporation;;wrong ratio;
3;Misc;Pac-Land (World);pacland;1984;Namco;;;
2;Misc;Pac-Man Plus;pacplus;1982;Namco (Midway license);;wrong ratio;
2;Misc;Pac-Mania;pacmania;1987;Namco;;wrong ratio;
3;Misc;Pang! 3 (Euro 950601);pang3;1995;Mitchell;;;
3;Misc;Paperboy (rev 3);paperboy;1984;Atari Games;;;
3;Misc;Pipi & Bibis / Whoopee!! (Z80 sound cpu, set 1);pipibibs;1991;Toaplan;;;
2;Misc;Q*bert (US set 1);qbert;1982;Gottlieb;;wrong ratio;
3;Misc;Q*bert's Qubes;qbertqub;1983;Mylstar;;;
3;Misc;Rampage: World Tour (rev 1.3);rmpgwt;1997;Midway;;low sound;
3;Misc;Rampart (Trackball);rampart;1990;Atari Games;;;
3;Misc;Road Runner (rev 2);roadrunn;1985;Atari Games;;;
3;Misc;Sel Feena;selfeena;1991;East Technology;;;
3;Misc;Snacks'n Jaxson;snakjack;1984;Bally/Sente;;;
;Misc;Starblade (World);starblad;1991;Namco;;Lag + Graphic problems;
2;Misc;Tempest (rev 3, Revised Hardware);tempest;1980;Atari;;wrong ratio;
3;Misc;The Irritating Maze / Ultra Denryu Iraira Bou;irrmaze;1997;SNK / Saurus;;;
1;Misc;The Outfoxies (World, OU2);outfxies;1994;Namco;;no sound;
2;Misc;Thunder & Lightning;thunderl;1990;Seta;;wrong ratio;
0;Misc;Tournament Arkanoid (US);arkatour;1987;Taito America Corporation (Romstar license);;doesn't launch;
3;Misc;Trog (rev LA5 03/29/91);trog;1990;Midway;;;
3;Misc;Vs. Balloon Fight (set BF4 A-3);balonfgt;1984;Nintendo;;;
3;Misc;Wizard of Wor;wow;1980;Dave Nutting Associates / Midway;;;
3;Platform;Bionic Commando (Euro);bionicc;1987;Capcom;;;
3;Platform;Black Tiger;blktiger;1987;Capcom;;;
3;Platform;Blue's Journey / Raguy;bjourney;1990;Alpha Denshi Co.;;;
3;Platform;Bubble Bobble (Japan, Ver 0.1);bublbobl;1986;Taito Corporation;;;
3;Platform;Bubble Bobble II (Ver 2.5O 1994/10/05);bublbob2;1994;Taito Corporation Japan;;Sound not perfect;
1;Platform;Bubble Memories - The Story Of Bubble Bobble 3 (World);bubblem;1995;Taito Corporation Japan;;"Needs ""Test Switch"" trick, lags a lot";
3;Platform;Caveman Ninja (World ver 4);cninja;1991;Data East Corporation;;;
3;Platform;Ghosts'n Goblins (World? set 1);gng;1985;Capcom;;;
3;Platform;Ghouls'n Ghosts (World);ghouls;1988;Capcom;;;
3;Platform;Haunted Castle (version M);hcastle;1988;Konami;;;
3;Platform;Hunchback;hunchbak;1983;Century Electronics;;;
3;Platform;Indiana Jones and the Temple of Doom (set 1);indytemp;1985;Atari Games;;;
3;Platform;Intrepid (set 1);intrepid;1983;Nova Games Ltd.;;;
3;Platform;J. J. Squawkers;jjsquawk;1993;Athena / Able;;;
3;Platform;Karnov (US, rev 6);karnov;1987;Data East USA;;;
3;Platform;Liquid Kids (World);liquidk;1990;Taito Corporation Japan;;;
3;Platform;Lode Runner - The Dig Fight (ver. B);loderndf;2000;Psikyo;;long to launch;
3;Platform;Lode Runner II - The Bungeling Strikes Back;ldrun2;1984;Irem (licensed from Broderbund);;;
3;ShootEmUp;Magician Lord (NGM-005);maglord;1990;Alpha Denshi Co.;;;
3;Platform;Mario Bros. (US, Revision F);mario;1983;Nintendo of America;;;
3;Platform;Marvel Land (US);marvland;1989;Namco;;;
3;Platform;Mega Twins (World 900619);mtwins;1990;Capcom;;;
2;Platform;Mr. Do's Castle (set 1);docastle;1983;Universal;;wrong ratio;
3;Platform;Mr. Do's Wild Ride;dowild;1984;Universal;;;
3;Platform;Nemo (World 901130);nemo;1990;Capcom;;;
3;Platform;Nightmare in the Dark;nitd;2000;Eleven / Gavaking;;;
3;Platform;Ninjakun Majou no Bouken;ninjakun;1984;[UPL] (Taito license);;;
3;Platform;Penguin Brothers (Japan);penbros;2000;Subsino;;;
3;Platform;Popeye (revision D);popeye;1982;Nintendo;;;
0;Platform;Racoon World;raccoon;;Eolith;;doesn't launch;
3;Platform;Rainbow Islands (new version);rainbow;1987;Taito Corporation;;;
3;Platform;Shadowland;shadowld;1987;Namco;;;
3;Platform;Snow Bros. - Nick & Tom (set 1);snowbros;1990;Toaplan;;;
3;Platform;Snow Bros. 2 - With New Elves / Otenki Paradise;snowbro2;1994;Hanafram;;;
3;Platform;Spelunker;spelunkr;1985;Irem (licensed from Broderbund);;;
3;Platform;Spelunker II;spelunk2;1986;Irem (licensed from Broderbund);;;
3;Platform;The NewZealand Story (World, new version) (newer PCB);tnzs;1988;Taito Corporation Japan;;;
3;Platform;Toki (World, set 1);toki;1989;TAD Corporation;;;
3;Platform;Tricky Doc;trckydoc;1987;Tecfri;;;
3;Platform;Tumble Pop (World);tumblep;1991;Data East Corporation;;;
3;Platform;Vs. Mighty Bomb Jack (Japan);mightybj;1986;Tecmo;;music seems awkward;
3;Platform;Vs. Super Mario Bros. (set SM4-4 E);suprmrio;1986;Nintendo;;;
3;Platform;Wardner (World);wardner;1987;Toaplan / Taito Corporation Japan;;;
3;Platform;Wonder Boy Deluxe;wbdeluxe;1986;Escape (Sega license);;;
3;Platform;Wonder Boy III - Monster Lair (set 6, World, System 16B, 8751 317-0098);wb3;1988;Sega / Westone;;;
3;Puzzle;Ataxx (set 1);ataxx;1990;Leland Corp.;;;
3;Puzzle;BeatHead (prototype);beathead;1993;Atari Games;;;
3;Puzzle;Borench (set 1);borench;1990;Sega;;controls ?;
3;Misc;Boulder Dash / Boulder Dash Part 2 (World);bouldash;1990;Data East Corporation (licensed from First Star);;;
3;Puzzle;Cheese Chase;cheesech;1994;Art & Magic;;;
3;Puzzle;Chicken Shift;cshift;1984;Bally/Sente;;;
3;Puzzle;Columns (US);columns;1990;Sega;;;
0;Puzzle;Columns 97;colmns97;1996;Sega;;small image, sloooow;
3;Puzzle;Columns II - The Voyage Through Time (Japan);columns2;1990;Sega;;;
1;Puzzle;Cross Pang;crospang;1998;F2 System;;no music;
3;Puzzle;Gururin;gururin;1994;Face;;;
3;Puzzle;Hatris (Japan);hatris;1990;Video System Co.;;;
3;Puzzle;Klax (set 1);klax;1989;Atari Games;;;
2;Puzzle;Land Maker (Ver 2.01J 1998/06/01);landmakr;1998;Taito Corporation;;laging;
2;Puzzle;Loco-Motion;locomotn;1982;Konami (Centuri license);;wrong ratio;
3;Puzzle;Logic Pro (Japan);logicpro;1996;Deniam;;;
3;Puzzle;Logic Pro 2 (Japan);logicpr2;1997;Deniam;;;
3;Puzzle;Magical Drop II;magdrop2;1996;Data East Corporation;;;
3;Puzzle;Magical Drop III;magdrop3;1997;Data East Corporation;;;
3;Puzzle;Monster Slider (Japan);mslider;1997;Visco / Datt Japan;;;
3;Puzzle;Naname de Magic! (Japan);naname;1994;Atlus;;;
3;Puzzle;Panic Bomber;panicbom;1994;Eighting / Hudson;;;
1;Misc;Panic Street (Japan);panicstr;1999;Kaneko;;Lags with sound problem;
2;Puzzle;Peggle (Joystick, v1.0);peggle;1991;Strata/Incredible Technologies;;wrong ratio;
3;Puzzle;Pipe Dream (World);pipedrm;1990;Video System Co.;;;
3;Puzzle;Puyo Puyo (Japan);puyopuyo;1992;Sega / Compile;;;
3;Puzzle;Puyo Puyo 2 (Japan);puyopuy2;1994;Compile (Sega license);;;
0;Puzzle;Puyo Puyo Sun;puyosun;1996;Compile;;too small + lags a lot;
1;Puzzle;Puzz Loop (Europe, v0.94);puzzloop;1998;Mitchell;;Laging;
3;Puzzle;Puzzle Bobble (Japan;pbobble;1994;1994;;;
3;Puzzle;Puzzle Bobble 2 / Bust-A-Move Again (Neo-Geo);pbobbl2n;1999;Taito (SNK license);;;
1;Puzzle;Puzzle Bobble 3 (World);pbobble3;1996;Taito Corporation;;lags a lot;
1;Puzzle;Puzzle Bobble 4 (Ver 2.04O 1997/12/19);pbobble4;1997;Taito Corporation;;Laging;
3;Puzzle;Puzznic (World);puzznic;1989;Taito Corporation Japan;;;
3;Puzzle;Sparkz (prototype);sparkz;1992;Atari Games;;;
1;Puzzle;Teki Paki;tekipaki;1991;Toaplan;;no sound;
3;Puzzle;Tetris Plus;tetrisp;1995;Jaleco / BPS;;;
3;Puzzle;Tetris Plus 2 (World?);tetrisp2;1997;Jaleco / The Tetris Company;;;
3;Misc;Toggle (prototype);toggle;1985;Bally/Sente;;;
3;Puzzle;Toryumon;toryumon;1994;Sega;;;
3;Misc;Twin Qix (Ver 1.0A 1995/01/17) (Prototype);twinqix;1995;Taito America Corporation;;a few cracks;
3;Puzzle;Twinkle Star Sprites;twinspri;1996;ADK / SNK;;;
3;Puzzle;Vs. Dr. Mario;drmario;1990;Nintendo;;sound problems;
3;Puzzle;Welltris (World?, 2 players);welltris;1991;Video System Co.;;;
3;Race;Bad Lands;badlands;1989;Atari Games;;;
0;Race;Big Run (11th Rallye version);bigrun;1989;Jaleco;;goes to menu;
3;Race;Chase H.Q. (World);chasehq;1988;Taito Corporation Japan;;;
0;Race;Cisco Heat;cischeat;1990;Jaleco;;freezes the rapsberry pi;
3;Race;Danny Sullivan's Indy Heat;indyheat;1991;Leland Corp.;;;
2;Race;Double Axle (US);dblaxle;1991;Taito America Corporation;;bad sound;
0;Race;F1 Super Lap (World);f1lap;1993;Sega;;;
3;Race;Hot Chase;hotchase;1988;Konami;;;
3;Race;Ironman Ivan Stewart's Super Off-Road;offroad;1989;Leland Corp.;;;
3;Race;Ironman Ivan Stewart's Super Off-Road Track-Pak;offroadt;1989;Leland Corp.;;;
2;Race;Lethal Crash Race (set 1);crshrace;1993;Video System Co.;;bad ratio;
1;Race;Lucky & Wild;luckywld;1992;Namco;;always firing;
3;Race;Mad Motor;madmotor;1989;Mitchell;;move to beatemup;
3;Race;Masked Riders Club Battle Race;kamenrid;1993;Banpresto / Toei;;;
3;Race;Mille Miglia 2: Great 1000 Miles Rally (95/05/24);gtmr2;1995;Kaneko;;;
3;Race;Neo Drift Out - New Technology;neodrift;1996;Visco;;;
0;Race;Off Road Challenge (v1.63);offroadc;1997;Midway;;lags a lot + mame message;
3;Race;Out Run (sitdown/upright, Rev B);outrun;1986;Sega;;;
3;Race;Over Top;overtop;1996;ADK;;;
0;Race;Prop Cycle (Rev PR2 Ver.A);propcycl;1996;Namco;;no sound, slooooow;
0;Race;Rad Rally;radr;1991;Sega;;stuck on networking check;
2;Race;Riding Hero (set 1);ridhero;1990;SNK;;bad sound;
1;Race;Road Riot 4WD;roadriot;1991;Atari Games;;no directional controls;
3;Sport;Roller Jammer;rjammer;1984;Nichibutsu + Alice;;;
0;Race;S.T.U.N. Runner (rev 6);stunrun;1989;Atari Games;;lags a lot + control problems;
3;Race;Seicross;seicross;1984;Nichibutsu + Alice;;;
0;Race;Special Criminal Investigation (US);sci;1989;Taito America Corporation;;doesn't launch;
0;Race;Spy Hunter;spyhunt;1983;Bally Midway;;doesn't launch;
0;Race;Spy Hunter 2 (rev 2);spyhunt2;1987;Bally Midway;;doesn't launch;
0;Race;Stadium Cross (World);scross;1992;Sega;;small image, slow;
2;Race;Super Chase - Criminal Termination (World);superchs;1992;Taito Corporation Japan;;lags a lot;
3;Race;Super Cross 2 (Japan);sprcros2;1986;GM Shoji;;;
3;Race;Super Hang-On;shangon;1987;Sega;;only this clone works;
3;Race;Thrash Rally;trally;1991;Alpha Denshi Co.;;;
0;Sport;Toobin' (rev 3);toobin;1988;Atari Games;;bad ratio + controls don't work;
3;Race;Vs. Excitebike (set EB4-4 A);excitebk;1984;Nintendo;;sound not so good;
3;Race;WEC Le Mans 24 (set 1);wecleman;1986;Konami;;;
0;Race;World Rally (set 1);wrally;1993;Gaelco;;;
3;RunNGun;Aliens (World set 1);aliens;1990;Konami;;;
3;RunNGun;Cyber-Lip;cyberlip;1990;SNK;;;
3;RunNGun;Gunforce - Battle Fire Engulfed Terror Island (World);gunforce;1991;Irem;;works fine in beta15;
3;RunNGun;Gunforce 2 (US);gunforc2;1994;Irem;;works fine in beta15;
3;RunNGun;M.I.A. - Missing in Action (version T);mia;1989;Konami;;;
0;RunNGun;Narc (rev 7.00);narc;1988;Williams;;stuck on menu;
3;RunNGun;Robocop (World revision 4);robocop;1988;Data East Corporation;;;
3;RunNGun;Robocop 2 (Euro/Asia v0.10);robocop2;1991;Data East Corporation;;;
3;RunNGun;Rolling Thunder (rev 3);rthunder;1986;Namco;;;
3;RunNGun;Rolling Thunder 2;rthun2;1990;Namco;;;
3;RunNGun;Shadow Dancer (World);shdancer;1989;Sega;;;
3;RunNGun;Shinobi (set 6, System 16A, unprotected);shinobi;1987;Sega;;;
3;ShootEmUp;Smash T.V. (rev 8.00);smashtv;1990;Williams;;;
3;RunNGun;Sunset Riders (4 Players ver EAC);ssriders;1991;Konami;;;
1;RunNGun;TH Strikes Back;thoop2;1994;Gaelco;;slow and protected;
1;ShootEmUp;Thunder Zone (World);thndzone;1991;Data East Corporation;;a tester;
3;ShootEmUp;Total Carnage (rev LA1 03/10/92);totcarn;1992;Midway;;;
3;ShootEmUp;After Burner II;aburner2;1987;Sega;;;
3;ShootEmUp;Asteroids (rev 4);asteroid;1979;Atari;;;
1;ShootEmUp;Black Heart;blkheart;1991;UPL;;no sound;
0;ShootEmUp;Brave Blade (JAPAN);brvblade;2000;Eighting/Raizing;;protected;
3;ShootEmUp;Break Thru (US);brkthru;1986;Data East USA;;;
3;ShootEmUp;Burning Force (Japan, new version (Rev C));burnforc;1989;Namco;;;
3;ShootEmUp;Cabal (World, Joystick version);cabal;1988;TAD Corporation;;;
1;ShootEmUp;Caliber 50;calibr50;1989;Athena / Seta;;bad ratio, control problem;
3;ShootEmUp;Centipede (revision 3);centiped;1980;Atari;;;
3;ShootEmUp;Chuka Taisen (World);chukatai;1988;Taito Corporation Japan;;;
3;ShootEmUp;Cosmic Cop (World);cosmccop;1991;Irem;;;
2;ShootEmUp;Cosmo Gang the Video (US);cosmogng;1991;Namco;;wrong ratio;
0;ShootEmUp;Cotton 2;cotton2;1997;Success;;small image;
1;ShootEmUp;Cyber Sled (World);cybsled;1993;Namco;;lags a lot, ctrl problems;
2;ShootEmUp;Cyvern (US);cyvern;1998;Kaneko;;bad ratio;
3;ShootEmUp;D-Day;dday;1982;Olympia;;;
3;ShootEmUp;Darius (World, rev 2);darius;1986;Taito Corporation Japan;;;
1;ShootEmUp;Darius Gaiden - Silver Hawk (Ver 2.5O 1994/09/19);dariusg;1994;Taito Corporation Japan;;lags a lot;
3;ShootEmUp;Darius II (triple screen) (Japan);darius2;1989;Taito Corporation;;;
3;ShootEmUp;Dead Angle;deadang;1988;Seibu Kaihatsu;;;
3;ShootEmUp;Dead Connection (World);deadconx;1992;Taito Corporation Japan;;;
1;ShootEmUp;Defender (Red label);defender;1980;Williams;;blocks on settings menu;
3;ShootEmUp;Dragon Breed (M81 PCB version);dbreed;1989;Irem;;;
0;ShootEmUp;Galaga '88;galaga88;1987;Namco;;crashes;
3;ShootEmUp;Galaxian (Namco set 1);galaxian;1979;Namco;;;
3;ShootEmUp;Giga Wing (USA 990222);gigawing;1999;Takumi (Capcom license);;;
3;ShootEmUp;Gradius III (World, program code R);gradius3;1989;Konami;;;
2;ShootEmUp;Gratia - Second Earth (92047-01 version);gratia;1996;Jaleco;;bad sound;
3;ShootEmUp;Gravitar (version 3);gravitar;1982;Atari;;;
3;ShootEmUp;Hydra;hydra;1990;Atari Games;;;
1;ShootEmUp;Ikari Warriors (US JAMMA);ikari;1986;SNK;;bad ratio and no diagonal shoot;
3;ShootEmUp;In The Hunt (World);inthunt;1993;Irem;;;
3;ShootEmUp;Marchen Maze (Japan);mmaze;1988;Namco;;Use 'Reset' trick;
3;ShootEmUp;Mars Matrix: Hyper Solid Shooting (USA 000412);mmatrix;2000;Takumi (Capcom license);;;
3;ShootEmUp;Mystic Riders (World);mysticri;1992;Irem;;awkward sound;
0;ShootEmUp;Nebulas Ray (World);nebulray;1994;Namco;;no sound, graphic problems;
3;ShootEmUp;Night Striker (US);nightstr;1989;Taito America Corporation;;;
2;ShootEmUp;Phelios (Japan);phelios;1988;Namco;;wrong ratio;
3;ShootEmUp;Prehistoric Isle in 1930 (World);prehisle;1989;SNK;;;
3;ShootEmUp;R-Type (World);rtype;1987;Irem;;;
3;ShootEmUp;R-Type II;rtype2;1989;Irem;;;
3;ShootEmUp;R-Type Leo (World);rtypeleo;1992;Irem;;;
1;ShootEmUp;Rambo III (Europe);rambo3;1989;Taito Europe Corporation;;no sound;
3;ShootEmUp;Return of the Jedi;jedi;1984;Atari;;;
1;ShootEmUp;Rip Off;ripoff;1980;Cinematronics;;no sound;
3;ShootEmUp;Salamander (version D);salamand;1986;Konami;;;
3;ShootEmUp;Salamander 2 (ver JAA);salmndr2;1996;Konami;;;
0;ShootEmUp;Shienryu;shienryu;1997;Warashi;;wrong image, try fba;
0;ShootEmUp;Soukyugurentai / Terra Diver;sokyugrt;1996;Raizing;;doesn't work, try fba;
3;ShootEmUp;Space Harrier (Rev A, 8751 315-5163A);sharrier;1985;Sega;;;
1;ShootEmUp;Space Invaders;invaders;1978;Midway;;no sound;
2;ShootEmUp;Space Invaders '95: The Attack Of Lunar Loonies (Ver 2.5O 1995/06/14);spcinv95;1995;Taito Corporation Japan;;wrong ratio, lags a little;
1;ShootEmUp;Space Invaders II (Midway, cocktail);invad2ct;1980;Midway;;no sound;
1;ShootEmUp;Space Invaders Part II (Taito);invadpt2;1979;Taito;;no sound;
3;ShootEmUp;Spinal Breakers (World);spinlbrk;1990;V-System Co.;;;
1;ShootEmUp;The Empire Strikes Back;esb;1985;Atari Games;;no control;
2;ShootEmUp;The Game Paradise - Master of Shooting! / Game Tengoku - The Game Paradise;gametngk;1995;Jaleco;;wrong ratio;
3;ShootEmUp;Thunder Ceptor;tceptor;1986;Namco;;;
3;ShootEmUp;U.N. Squadron (US);unsquad;1989;Capcom;;;
2;ShootEmUp;Vasara;vasara;2000;Visco;;bad ratio;
2;ShootEmUp;Victory Road;victroad;1986;SNK;;bad ratio;
3;ShootEmUp;Viewpoint;viewpoin;1992;Sammy;;;
3;ShootEmUp;Xybots (rev 2);xybots;1987;Atari Games;;;
3;Sport;'88 Games;88games;1988;Konami;;;
3;Sport;2 On 2 Open Ice Challenge (rev 1.21);openice;1995;Midway;;low sound;
3;Sport;2020 Super Baseball (set 1);2020bb;1991;SNK / Pallas;;;
3;Sport;720 Degrees (rev 4);720;1986;Atari Games;;;
0;Sport;Alpine Racer (Rev. AR2 Ver.D);alpinerd;1994;Namco;;mame warning, no control;
0;Sport;Arch Rivals (rev 4.0);archrivl;1989;Bally Midway;;goes to menu;
3;Sport;Back Street Soccer (KRB-0031 PCB);bssoccer;1996;SunA (Unico license);;;
3;Sport;Bang Bead;bangbead;2000;Visco;;;
3;Sport;Battle Flip Shot;flipshot;1998;Visco;;;
3;Sport;Capcom Sports Club (Euro 971017);csclub;1997;Capcom;;;
0;Sport;Cool Pool;coolpool;1992;Catalina;;mame warning, no control;
1;Sport;Cyberball (rev 4);cyberbal;1988;Atari Games;;lags a lot;
3;Sport;Dream Soccer '94 (World, M107 hardware);dsoccr94;1994;Irem (Data East Corporation license);;;
3;Sport;Extreme Downhill (v1.5);extdwnhl;1995;Sammy Industries Japan;;;
3;Sport;Football Frenzy;fbfrenzy;1992;SNK;;;
0;Sport;Hard Dunk (World);harddunk;1994;Sega;;no control, small image;
3;Sport;Hit the Ice (US);hitice;1990;Taito Corporation (Williams license);;;
0;Sport;Hunchback Olympic;huncholy;1984;Seatongrove Ltd;;doesn't launch;
3;Sport;Kick and Run;kicknrun;1986;Taito Corporation;;;
1;Sport;Mach Breakers - Numan Athletics 2 (Japan);machbrkr;1995;Namco;;no sound, menu problem;
3;Sport;Major Title (Japan);majtitle;1990;Irem;;;
3;Sport;Major Title 2 (World);majtitl2;1992;Irem;;;
3;Sport;NBA Jam (rev 3.01 04/07/93);nbajam;1993;Midway;;lags a little ? not sure;
0;Sport;NBA Jam Extreme;nbajamex;1996;Acclaim;;mame message;
0;Sport;NBA Jam TE (rev 4.0 03/23/94);nbajamte;1994;Midway;;;
0;Sport;NFL Blitz;blitz;1997;Midway Games;;;
0;Sport;NFL Blitz '99;blitz99;1998;Midway Games;;;
0;Sport;NFL Blitz 2000;blitz2k;1999;Midway Games;;;
3;Sport;Numan Athletics (World);numanath;1993;Namco;;;
2;Sport;Passing Shot (2 Players);passsht;1988;bootleg;;needs parent rom passsht, wrong ratio;
3;Sport;Penguin-Kun Wars (US);pkunwar;1985;UPL;;;
0;Sport;Pigskin 621AD (rev 1.1K 8/01/90);pigskin;1990;Midway;;crashes to menu;
3;Sport;Pleasure Goal / Futsal - 5 on 5 Mini Soccer;pgoal;1996;Saurus;;;
3;Sport;Power Spikes II (NGM-068);pspikes2;1994;Video System Co.;;;
3;Sport;Punch-Out!! (Rev B);punchout;1984;Nintendo;;awkward sound;
3;Sport;Punk Shot (US 4 Players);punkshot;1990;Konami;;;
3;Sport;Rollergames (US);rollerg;1991;Konami;;;
3;Sport;Run and Gun (World ver. EAA 1993 10.8);rungun;1993;Konami;;"Use ""Initialize EEPROM"" trick";
0;Sport;Run and Gun 2 (ver UAA);rungun2;1996;Konami;;protected;
0;Sport;Rushing Heroes (ver UAB);rushhero;1996;Konami;;protected;
3;Sport;Slap Shot (Japan);slapshot;1994;Taito Corporation;;;
3;Sport;Soccer Brawl (NGM-031);socbrawl;1991;SNK;;;
3;Sport;Speed Spin;speedspn;1994;TCH;;;
3;Sport;Stone Ball (4 Players);stonebal;1994;Art & Magic;;;
3;Sport;Super Dodge Ball (US);spdodgeb;1987;Technos Japan;;;
3;Sport;Super Dodge Ball / Kunio no Nekketsu Toukyuu Densetsu;sdodgeb;1996;Technos Japan;;;
3;Sport;Super World Court (Japan);swcourt;1992;Namco;;;
2;Sport;Taito Power Goal (Ver 2.5O 1994/11/03);pwrgoal;1994;Taito Corporation Japan;;Sound not perfect;
3;Sport;Tecmo Bowl (World?);tbowl;1987;Tecmo;;;
3;Sport;U.S. Championship V'ball (US);vball;1988;Technos Japan;;;
0;Sport;Wayne Gretzky's 3D Hockey;wg3dh;1996;Atari Games;;;
3;Sport;Windjammers / Flying Power Disc;wjammers;1994;Data East Corporation;;;
1;Sport;World Beach Volley;wbeachvl;1995;Playmark;;no sound;
3;Sport;World Court (Japan);wldcourt;1988;Namco;;;
3;VsFighting;3 Count Bout / Fire Suplex (NGM-043)(NGH-043);3countb;1993;SNK;;;
3;VsFighting;Aggressors of Dark Kombat / Tsuukai GANGAN Koushinkyoku (ADM-008)(ADH-008);aodk;1994;ADK / SNK;;;
3;VsFighting;Art of Fighting / Ryuuko no Ken (NGM-044)(NGH-044);aof;1992;SNK;;;
3;VsFighting;Art of Fighting 2 / Ryuuko no Ken 2 (NGM-056);aof2;1994;SNK;;;
3;VsFighting;Art of Fighting 3 - The Path of the Warrior / Art of Fighting - Ryuuko no Ken Gaiden;aof3;1996;SNK;;;
0;VsFighting;Astra SuperStars;astrass;1998;Sunsoft;;small image;
3;VsFighting;Battle K-Road;btlkroad;1994;Psikyo;;;
3;VsFighting;Blandia;blandia;1992;Allumer;;;
3;VsFighting;Blazing Tornado;blzntrnd;1994;Human Amusement;;;
3;VsFighting;Blood Storm (v2.22);bloodstm;1994;Strata/Incredible Technologies;;;
0;VsFighting;Blood Warrior;bloodwar;1994;Kaneko;;missing main sprites !;
3;VsFighting;Body Slam;bodyslam;1986;Sega;;;
3;VsFighting;Breakers;breakers;1996;Visco;;;
3;VsFighting;Breakers Revenge;breakrev;1998;Visco;;;
3;VsFighting;Burning Rival (Japan);brival;1992;Sega;;;
3;VsFighting;Cyberbots: Fullmetal Madness (Euro 950424);cybots;1995;Capcom;;;
3;VsFighting;Darkstalkers: The Night Warriors (Euro 940705);dstlk;1994;Capcom;;;
3;VsFighting;Dino Rex (World);dinorex;1992;Taito Corporation Japan;;;
3;VsFighting;Double Dragon (Neo-Geo);doubledr;1995;Technos Japan;;;
3;VsFighting;Dragonball Z (rev B);dbz;1993;Banpresto;;mame warning message;
3;VsFighting;Dragoon Might;dragoona;1995;Konami;;mame warning message;
3;VsFighting;Far East of Eden - Kabuki Klash / Tengai Makyou - Shin Den;kabukikl;1995;Hudson;;;
3;VsFighting;Fatal Fury - King of Fighters / Garou Densetsu - shukumei no tatakai (NGM-033)(NGH-033);fatfury1;1991;SNK;;;
3;VsFighting;Fatal Fury 2 / Garou Densetsu 2 - arata-naru tatakai (NGM-047)(NGH-047);fatfury2;1992;SNK;;;
3;VsFighting;Fatal Fury 3 - Road to the Final Victory / Garou Densetsu 3 - haruka-naru tatakai (NGM-069)(NGH-069);fatfury3;1995;SNK;;;
3;VsFighting;Fatal Fury Special / Garou Densetsu Special (set 1)(NGM-058)(NGH-058);fatfursp;1993;SNK;;;
0;VsFighting;Fighter's Impact Ace (JAPAN);ftimpcta;1996;Taito;;protected;
0;VsFighting;Fighting Layer (FTL0/VER.A);fgtlayer;1998;Arika/Namco;;small image, no sound;
3;VsFighting;Final Blow (World);finalb;1988;Taito Corporation Japan;;;
3;VsFighting;Garou - Mark of the Wolves (NGM-2530);garou;1999;SNK;;;
3;VsFighting;Holosseum;holo;1992;Sega;;;
1;VsFighting;Kaiser Knuckle (World);kaiserkn;1994;Taito Corporation Japan;;lags a lot;
3;VsFighting;Karnov's Revenge / Fighter's History Dynamite;karnovr;1994;Data East Corporation;;;
1;VsFighting;Killer Instinct (v1.5d);kinst;1994;Rare;;needs CHD, lags a lot;
1;VsFighting;Killer Instinct 2 (v1.4);kinst2;1995;Rare;;needs CHD, lags a lot;
3;VsFighting;King of the Monsters (set 1);kotm;1991;SNK;;;
3;VsFighting;King of the Monsters 2 - The Next Thing (NGM-039)(NGH-039);kotm2;1992;SNK;;;
3;VsFighting;Kizuna Encounter - Super Tag Battle / Fu'un Super Tag Battle;kizuna;1996;SNK;;;
3;VsFighting;Knuckle Heads (World);knckhead;1992;Namco;;;
3;VsFighting;Martial Champion (Europe ver EAA);mtlchamp;1993;Konami;;;
3;VsFighting;Marvel Super Heroes Vs. Street Fighter (Euro 970625);mshvsf;1997;Capcom;;;
3;VsFighting;Marvel Vs. Capcom: Clash of Super Heroes (Euro 980123);mvsc;1998;Capcom;;;
3;VsFighting;Mega Man 2: The Power Fighters (USA 960708);megaman2;1996;Capcom;;;
3;VsFighting;Metamoqester;metmqstr;1995;Banpresto/Pandorabox;;;
3;VsFighting;Mobile Suit Gundam;msgundam;1993;Banpresto;;;
3;VsFighting;Mobile Suit Gundam EX Revue;gundamex;1994;Banpresto;;long launch;
3;VsFighting;Mortal Kombat (rev 5.0 T-Unit 03/19/93);mk;1992;Midway;;;
3;VsFighting;Mortal Kombat 3 (rev 2.1);mk3;1994;Midway;;;
3;VsFighting;Mortal Kombat II (rev L3.1);mk2;1993;Midway;;;
3;VsFighting;Mutant Fighter (World ver EM-5);mutantf;1992;Data East Corporation;;;
3;VsFighting;Night Warriors: Darkstalkers' Revenge (Euro 950316);nwarr;1995;Capcom;;;
3;VsFighting;Ninja Master's - haoh-ninpo-cho;ninjamas;1996;ADK / SNK;;;
3;VsFighting;Onna Sansirou - Typhoon Gal (set 1);onna34ro;1985;Taito;;;
3;VsFighting;Pit Fighter (rev 4);pitfight;1990;Atari Games;;;
3;VsFighting;Power Instinct (USA bootleg) (set 1);powerins;1993;Atlus;;;
3;VsFighting;Power Instinct 2 (USA);pwrinst2;1994;Atlus/Cave;;a tester, supprimer dans fba;
0;VsFighting;Power Instinct 3 - Groove On Fight;groovef;1996;Atlus;;small image;
0;VsFighting;Primal Rage (version 2.3);primrage;1994;Atari Games;;lags a lot;
0;VsFighting;Primal Rage 2 (Ver 0.36a);primrag2;1996;Atari;;doesn't launch;
0;VsFighting;Rabbit;rabbit;1997;Electronic Arts;;mame warning;
3;VsFighting;Ragnagard / Shin-Oh-Ken;ragnagrd;1996;Saurus;;;
3;VsFighting;Real Bout Fatal Fury / Real Bout Garou Densetsu (NGM-095)(NGH-095);rbff1;1995;SNK;;;
3;VsFighting;Real Bout Fatal Fury 2 - The Newcomers / Real Bout Garou Densetsu 2 - the newcomers (NGM-2400);rbff2;1998;SNK;;;
3;VsFighting;Real Bout Fatal Fury Special / Real Bout Garou Densetsu Special;rbffspec;1996;SNK;;;
3;VsFighting;Ring of Destruction: Slammasters II (Euro 940902);ringdest;1994;Capcom;;;
3;VsFighting;Samurai Shodown / Samurai Spirits (NGM-045);samsho;1993;SNK;;;
3;VsFighting;Samurai Shodown II / Shin Samurai Spirits - Haohmaru jigokuhen (NGM-063)(NGH-063);samsho2;1994;SNK;;;
3;VsFighting;Samurai Shodown III / Samurai Spirits - Zankurou Musouken (NGM-087);samsho3;1995;SNK;;;
3;VsFighting;Samurai Shodown IV - Amakusa's Revenge / Samurai Spirits - Amakusa Kourin (NGM-222)(NGH-222);samsho4;1996;SNK;;;
3;VsFighting;Saturday Night Slam Masters (World 930713);slammast;1993;Capcom;;;
3;VsFighting;Savage Reign / Fu'un Mokushiroku - kakutou sousei;savagere;1995;SNK;;;
0;VsFighting;Shogun Warriors;shogwarr;1992;Kaneko;;blank screen at startup;
0;VsFighting;Star Gladiator (USA 960627);starglad;1996;Capcom;;protected;
3;VsFighting;Street Fighter Alpha 2 (Euro 960229);sfa2;1996;Capcom;;;
3;VsFighting;Street Fighter Alpha 3 (Euro 980904);sfa3;1998;Capcom;;;
3;VsFighting;Street Fighter Alpha: Warriors' Dreams (Euro 950727);sfa;1995;Capcom;;;
0;VsFighting;Street Fighter EX 2 Plus (USA 990611);sfex2p;1999;Capcom/Arika;;protected;
0;VsFighting;Street Fighter EX Plus (USA 970311);sfexp;1997;Capcom/Arika;;protected;
3;VsFighting;Street Smart (US version 2);streetsm;1989;SNK;;;
3;VsFighting;Streetfighter (World);sf1;1987;Capcom;;;
3;VsFighting;Super Gem Fighter Mini Mix (USA 970904);sgemf;1997;Capcom;;;
3;VsFighting;Superior Soldiers (US);ssoldier;1993;Irem America;;;
3;VsFighting;Survival Arts (USA);survarts;1993;American Sammy;;;
2;VsFighting;Tattoo Assassins (US Prototype);tattass;1994;ah onon lainon;;a little slow;
0;VsFighting;Tekken (TE4/VER.C);tekken;1994;Namco;;no sound, sloooow;
0;VsFighting;Tekken 2 Ver.B (TES3/VER.B);tekken2;1995;Namco;;no sound, sloooow;
0;VsFighting;Tekken 3 (TET1/VER.E1);tekken3;1996;Namco;;no sound, sloooow;
3;VsFighting;The King of Fighters '94 (NGM-055)(NGH-055);kof94;1994;SNK;;;
3;VsFighting;The King of Fighters '95 (NGM-084);kof95;1995;SNK;;;
3;VsFighting;The King of Fighters '96 (NGM-214);kof96;1996;SNK;;;
3;VsFighting;The King of Fighters '97 (NGM-2320);kof97;1997;SNK;;;
3;VsFighting;The King of Fighters '98 - The Slugfest / King of Fighters '98 - dream match never ends (NGM-2420);kof98;1998;SNK;;;
3;VsFighting;The King of Fighters '99 - Millennium Battle (NGM-2510);kof99;1999;SNK;;;
3;VsFighting;The King of Fighters 2000 (NGM-2570) (NGH-2570);kof2000;2000;SNK;;;
3;VsFighting;The Main Event (4 Players ver. Y);mainevt;1988;Konami;;;
3;VsFighting;Time Killers (v1.32);timekill;1992;Strata/Incredible Technologies;;;
3;VsFighting;Ultimate Mortal Kombat 3 (rev 1.2);umk3;1994;Midway;;;
3;VsFighting;Vampire Savior 2: The Lord of Vampire (Japan 970913);vsav2;1997;Capcom;;;
3;VsFighting;Vampire Savior: The Lord of Vampire (Euro 970519);vsav;1997;Capcom;;;
3;VsFighting;Waku Waku 7;wakuwak7;1996;Sunsoft;;;
0;VsFighting;War Gods;wargods;1995;Midway;;missing chd ?;
3;VsFighting;WWF Superstars (US);wwfsstar;1989;Technos Japan;;;
3;VsFighting;WWF WrestleFest (US set 1);wwfwfest;1991;Technos Japan;;;
3;VsFighting;WWF: Wrestlemania (rev 1.30 08/10/95);wwfmania;1995;Midway;;;
3;VsFighting;X-Men Vs. Street Fighter (Euro 961004);xmvsf;1996;Capcom;;;
3;VsFighting;X-Men: Children of the Atom (Euro 950331);xmcota;1994;Capcom;;;
3;VsFighting;Yie Ar Kung-Fu (program code I);yiear;1985;Konami;;;
